<?xml version="1.0"?>
<doc>
    <assembly>
        <name>Backend_IPCA_Gym</name>
    </assembly>
    <members>
        <member name="T:Backend_IPCA_Gym.Controllers.AtividadeController">
            <summary>
            Controlador da entidade Atividade
            </summary>
        </member>
        <member name="M:Backend_IPCA_Gym.Controllers.AtividadeController.#ctor(Microsoft.Extensions.Configuration.IConfiguration)">
            <summary>
            Construtor do controlador Atividade
            </summary>
            <param name="configuration">Dependency Injection</param>
        </member>
        <member name="M:Backend_IPCA_Gym.Controllers.AtividadeController.GetAll">
            <summary>
            Método http get para retornar as atividades da base de dados
            </summary>
            <returns>Resposta do request que contém a sua mensagem, seu código e a lista de atividades em formato Json</returns>
        </member>
        <member name="M:Backend_IPCA_Gym.Controllers.AtividadeController.GetByID(System.Int32)">
            <summary>
            Método http get para retornar uma atividade através do seu id
            </summary>
            <param name="targetID">ID da atividade que é pretendida ser retornada</param>
            <returns>Resposta do request que contém a sua mensagem, seu código e a Atividade em formato Json</returns>
        </member>
        <member name="M:Backend_IPCA_Gym.Controllers.AtividadeController.Post(LayerBOL.Models.Atividade)">
            <summary>
            Método http post para inserção de uma nova atividade
            </summary>
            <param name="newAtividade">Dados da nova Atividade a ser inserida</param>
            <returns>Resposta do request que contém a sua mensagem e seu código em formato json</returns>
        </member>
        <member name="M:Backend_IPCA_Gym.Controllers.AtividadeController.Patch(LayerBOL.Models.Atividade,System.Int32)">
            <summary>
            Método http patch para alteração dos dados de uma atividade através do id e novos dados
            </summary>
            <param name="atividade">Atividade com dados alterados</param>
            <param name="targetID">ID da Atividade pretendida para alterar os dados</param>
            <returns>Resposta do request que contém a sua mensagem e seu código em formato json</returns>
        </member>
        <member name="M:Backend_IPCA_Gym.Controllers.AtividadeController.Delete(System.Int32)">
            <summary>
            Método http delete para remover uma atividade da base de dados através do seu id
            </summary>
            <param name="targetID">ID da Atividade pretendida para ser removida</param>
            <returns>Resposta do request que contém a sua mensagem e seu código em formato json</returns>
        </member>
        <member name="T:Backend_IPCA_Gym.Controllers.ClassificacaoController">
            <summary>
            Controlador da entidade Classificação
            </summary>
        </member>
        <member name="M:Backend_IPCA_Gym.Controllers.ClassificacaoController.#ctor(Microsoft.Extensions.Configuration.IConfiguration)">
            <summary>
            Construtor do controlador Classificação
            </summary>
            <param name="configuration">Dependency Injection</param>
        </member>
        <member name="M:Backend_IPCA_Gym.Controllers.ClassificacaoController.GetAll">
            <summary>
            Método http get para retornar as classificações da base de dados
            </summary>
            <returns>Resposta do request que contém a sua mensagem, seu código e a lista de classificações em formato Json</returns>
        </member>
        <member name="M:Backend_IPCA_Gym.Controllers.ClassificacaoController.GetByID(System.Int32)">
            <summary>
            Método http get para retornar uma classificação através do seu id
            </summary>
            <param name="targetID">ID da classificação que é pretendida ser retornada</param>
            <returns>Resposta do request que contém a sua mensagem, seu código e a classificação em formato Json</returns>
        </member>
        <member name="M:Backend_IPCA_Gym.Controllers.ClassificacaoController.Post(LayerBOL.Models.Classificacao)">
            <summary>
            Método http post para inserção de uma nova classificação
            </summary>
            <param name="newClassificacao">Dados da nova classificação a ser inserida</param>
            <returns>Resposta do request que contém a sua mensagem e seu código em formato json</returns>
        </member>
        <member name="M:Backend_IPCA_Gym.Controllers.ClassificacaoController.Patch(LayerBOL.Models.Classificacao,System.Int32)">
            <summary>
            Método http patch para alteração dos dados de uma classificação através do id e novos dados
            </summary>
            <param name="classificacao">classificação com dados alterados</param>
            <param name="targetID">ID da classificação pretendida para alterar os dados</param>
            <returns>Resposta do request que contém a sua mensagem e seu código em formato json</returns>
        </member>
        <member name="M:Backend_IPCA_Gym.Controllers.ClassificacaoController.Delete(System.Int32)">
            <summary>
            Método http delete para remover uma classificação da base de dados através do seu id
            </summary>
            <param name="targetID">ID da classificação pretendida para ser removida</param>
            <returns>Resposta do request que contém a sua mensagem e seu código em formato json</returns>
        </member>
        <member name="M:Backend_IPCA_Gym.Controllers.ClassificacaoController.GetAllClassificationsByGinasioID(System.Int32)">
            <summary>
            Método http get para retornar as classificacoes de um ginásio da base de dados
            </summary>
            <param name="targetID">ID do ginásio que é pretendido ser retornado as classificacoes</param>
            <returns>Resposta do request que contém a sua mensagem, seu código e a lista de planos de treino em formato Json</returns>
        </member>
        <member name="T:Backend_IPCA_Gym.Controllers.ClienteController">
            <summary>
            Controlador da entidade Cliente
            </summary>
        </member>
        <member name="M:Backend_IPCA_Gym.Controllers.ClienteController.#ctor(Microsoft.Extensions.Configuration.IConfiguration)">
            <summary>
            Construtor do controlador cliente
            </summary>
            <param name="configuration">Dependency Injection</param>
        </member>
        <member name="M:Backend_IPCA_Gym.Controllers.ClienteController.GetAll">
            <summary>
            Método http get para retornar os clientes da base de dados
            </summary>
            <returns>Resposta do request que contém a sua mensagem, seu código e a lista de clientes em formato Json</returns>
        </member>
        <member name="M:Backend_IPCA_Gym.Controllers.ClienteController.GetByID(System.Int32)">
            <summary>
            Método http get para retornar um cliente através do seu id
            </summary>
            <param name="targetID">ID do cliente que é pretendido ser retornado</param>
            <returns>Resposta do request que contém a sua mensagem, seu código e o cliente em formato Json</returns>
        </member>
        <member name="M:Backend_IPCA_Gym.Controllers.ClienteController.Post(LayerBOL.Models.Cliente)">
            <summary>
            Método http post para inserção de um novo cliente
            </summary>
            <param name="newCliente">Dados do novo cliente a ser inserido</param>
            <returns>Resposta do request que contém a sua mensagem e seu código em formato json</returns>
        </member>
        <member name="M:Backend_IPCA_Gym.Controllers.ClienteController.Patch(LayerBOL.Models.Cliente,System.Int32)">
            <summary>
            Método http patch para alteração dos dados de um cliente através do id e novos dados
            </summary>
            <param name="cliente">Cliente com dados alterados</param>
            <param name="targetID">ID da Cliente pretendida para alterar os dados</param>
            <returns>Resposta do request que contém a sua mensagem e seu código em formato json</returns>
        </member>
        <member name="M:Backend_IPCA_Gym.Controllers.ClienteController.Delete(System.Int32)">
            <summary>
            Método http delete para remover um cliente da base de dados através do seu id
            </summary>
            <param name="targetID">ID do cliente pretendida para ser removido</param>
            <returns>Resposta do request que contém a sua mensagem e seu código em formato json</returns>
        </member>
        <member name="M:Backend_IPCA_Gym.Controllers.ClienteController.RecoverPassword(System.String,System.String)">
            <summary>
            Método http para recuperar a palavra passe de um cliente
            </summary>
            <param name="mail">Mail do cliente que se pretende recuperar a password</param>
            <param name="password">Nova password</param>
            <returns>Resposta do request que contém a sua mensagem e o seu código em formato json</returns>
        </member>
        <member name="M:Backend_IPCA_Gym.Controllers.ClienteController.Login(LayerBOL.Models.LoginCliente)">
            <summary>
            Método http para executar o login do user
            </summary>
            <param name="conta">Dados da conta para fazer login</param>
            <returns>Resposta do request que contém a sua mensagem, código e a token de sessão do cliente em formato json</returns>
        </member>
        <member name="M:Backend_IPCA_Gym.Controllers.ClienteController.DeleteCliente(System.Int32)">
            <summary>
            Método http para remover um cliente
            </summary>
            <param name="targetID">ID do cliente que se pretende remover</param>
            <returns>Resposta do request que contém a sua mensagem e o seu código em formato json</returns>
        </member>
        <member name="M:Backend_IPCA_Gym.Controllers.ClienteController.GetClienteByToken">
            <summary>
            Método http get para retornar um cliente através da sua token de sessão
            </summary>
            <returns>Resposta do request que contém a sua mensagem, seu código e o cliente em formato Json</returns>
        </member>
        <member name="T:Backend_IPCA_Gym.Controllers.ExercicioController">
            <summary>
            Controlador da entidade Exercicio
            </summary>
        </member>
        <member name="M:Backend_IPCA_Gym.Controllers.ExercicioController.#ctor(Microsoft.Extensions.Configuration.IConfiguration)">
            <summary>
            Construtor do controlador Exercicio
            </summary>
            <param name="configuration">Dependency Injection</param>
        </member>
        <member name="M:Backend_IPCA_Gym.Controllers.ExercicioController.GetAll">
            <summary>
            Método http get para retornar os exercicios da base de dados
            </summary>
            <returns>Resposta do request que contém a sua mensagem, seu código e a lista de exercicios em formato Json</returns>
        </member>
        <member name="M:Backend_IPCA_Gym.Controllers.ExercicioController.GetByID(System.Int32)">
            <summary>
            Método http get para retornar um exercicio através do seu id
            </summary>
            <param name="targetID">ID do exercicio que é pretendida ser retornada</param>
            <returns>Resposta do request que contém a sua mensagem, seu código e o Exercicio em formato Json</returns>
        </member>
        <member name="M:Backend_IPCA_Gym.Controllers.ExercicioController.Post(LayerBOL.Models.Exercicio)">
            <summary>
            Método http post para inserção de um novo exercicio
            </summary>
            <param name="newExercicio">Dados do novo Exercicio a ser inserido</param>
            <returns>Resposta do request que contém a sua mensagem e seu código em formato json</returns>
        </member>
        <member name="M:Backend_IPCA_Gym.Controllers.ExercicioController.Patch(LayerBOL.Models.Exercicio,System.Int32)">
            <summary>
            Método http patch para alteração dos dados de um exercicio através do id e novos dados
            </summary>
            <param name="exercicio">Exercicio com dados alterados</param>
            <param name="targetID">ID do Exercicio pretendido para alterar os dados</param>
            <returns>Resposta do request que contém a sua mensagem e seu código em formato json</returns>
        </member>
        <member name="M:Backend_IPCA_Gym.Controllers.ExercicioController.Delete(System.Int32)">
            <summary>
            Método http delete para remover um exercicio da base de dados através do seu id
            </summary>
            <param name="targetID">ID da Exercicio pretendido para ser removido</param>
            <returns>Resposta do request que contém a sua mensagem e seu código em formato json</returns>
        </member>
        <member name="M:Backend_IPCA_Gym.Controllers.ExercicioController.GetAllByPlanoID(System.Int32)">
            <summary>
            Método http get para obter os exercicios de um plano
            </summary>
            <param name="targetID">ID do plano de treino ao qual pertencem os exercicios a ser lidas</param>
            <returns>Resposta do request que contém a sua mensagem, seu código e lista de exercicios de um plano em formato json</returns>
        </member>
        <member name="T:Backend_IPCA_Gym.Controllers.FuncionarioController">
            <summary>
            Controlador da entidade Funcionario
            </summary>
        </member>
        <member name="M:Backend_IPCA_Gym.Controllers.FuncionarioController.#ctor(Microsoft.Extensions.Configuration.IConfiguration)">
            <summary>
            Construtor do controlador funcionario
            </summary>
            <param name="configuration">Dependency Injection</param>
        </member>
        <member name="M:Backend_IPCA_Gym.Controllers.FuncionarioController.GetAll">
            <summary>
            Método http get para retornar os funcionários da base de dados
            </summary>
            <returns>Resposta do request que contém a sua mensagem, seu código e a lista de funcionários em formato Json</returns>
        </member>
        <member name="M:Backend_IPCA_Gym.Controllers.FuncionarioController.GetAllAtivo">
            <summary>
            Método http get para retornar os funcionários da base de dados
            </summary>
            <returns>Resposta do request que contém a sua mensagem, seu código e a lista de funcionários em formato Json</returns>
        </member>
        <member name="M:Backend_IPCA_Gym.Controllers.FuncionarioController.GetByID(System.Int32)">
            <summary>
            Método http get para retornar um funcionário através do seu id
            </summary>
            <param name="targetID">ID do funcionário que é pretendido ser retornado</param>
            <returns>Resposta do request que contém a sua mensagem, seu código e o funcionario em formato Json</returns>
        </member>
        <member name="M:Backend_IPCA_Gym.Controllers.FuncionarioController.Post(LayerBOL.Models.Funcionario)">
            <summary>
            Método http post para inserção de um novo funcionário
            </summary>
            <param name="newFuncionario">Dados do novo funcionario a ser inserido</param>
            <returns>Resposta do request que contém a sua mensagem e seu código em formato json</returns>
        </member>
        <member name="M:Backend_IPCA_Gym.Controllers.FuncionarioController.Patch(LayerBOL.Models.Funcionario,System.Int32)">
            <summary>
            Método http patch para alteração dos dados de um funcionário através do id e novos dados
            </summary>
            <param name="funcionario">funcionario com dados alterados</param>
            <param name="targetID">ID do funcionario pretendido para alterar os dados</param>
            <returns>Resposta do request que contém a sua mensagem e seu código em formato json</returns>
        </member>
        <member name="M:Backend_IPCA_Gym.Controllers.FuncionarioController.Delete(System.Int32)">
            <summary>
            Método http delete para remover um funcionário da base de dados através do seu id
            </summary>
            <param name="targetID">ID da funcionario pretendido para ser removido</param>
            <returns>Resposta do request que contém a sua mensagem e seu código em formato json</returns>
        </member>
        <member name="M:Backend_IPCA_Gym.Controllers.FuncionarioController.Login(LayerBOL.Models.LoginFuncionario)">
            <summary>
            Método http para efetuar o login de um funcionário
            </summary>
            <param name="conta">Model de login de Funcionario</param>
            <returns>Resposta do request que contém a sua mensagem, seu código e a token de sessão em formato json</returns>
        </member>
        <member name="M:Backend_IPCA_Gym.Controllers.FuncionarioController.RecoverPassword(System.Int32,System.String)">
            <summary>
            Método http para recuperar a palavra passe de um funcionario
            </summary>
            <param name="codigo">Codigo do funcionario que se pretende recuperar a password</param>
            <param name="password">Nova password</param>
            <returns>Resposta do request que contém a sua mensagem e o seu código em formato json</returns>
        </member>
        <member name="M:Backend_IPCA_Gym.Controllers.FuncionarioController.RegistClient(LayerBOL.Models.Cliente)">
            <summary>
            Método http para adicionar um novo cliente por parte do funcionario
            </summary>
            <param name="newCliente">Objeto que contém os dados do novo cliente</param>
            <returns>Resposta do request que contém a sua mensagem e o seu código em formato json</returns>
        </member>
        <member name="M:Backend_IPCA_Gym.Controllers.FuncionarioController.EditCliente(System.Int32,LayerBOL.Models.Cliente)">
            <summary>
            Método http para editar um cliente por parte do funcionario
            </summary>
            <param name="targetID">ID do funcionario a editar</param>
            <param name="cliente">Objeto que contém os dados atualizados do funcionário</param>
            <returns>Resposta do request que contém a sua mensagem e o seu código em formato json</returns>
        </member>
        <member name="M:Backend_IPCA_Gym.Controllers.FuncionarioController.EditLojaStock(System.Int32,System.Int32)">
            <summary>
            Método http para editar valor de stock de um produto
            </summary>
            <param name="targetID">ID do produto da Loja que se pretende alterar stock</param>
            <param name="quantidade">Novo valor de quantidade de stock na loja</param>
            <returns>Resposta do request que contém a sua mensagem e o seu código em formato json</returns>
        </member>
        <member name="M:Backend_IPCA_Gym.Controllers.FuncionarioController.EditLoja(System.Int32,LayerBOL.Models.Loja)">
            <summary>
            Método http para editar um produto
            </summary>
            <param name="produto">Objeto que contém dados atualizados do produto da Loja</param>
            <param name="targetID">ID do produto pretendido a mudar</param>
            <returns>Resposta do request que contém a sua mensagem e o seu código em formato json</returns>
        </member>
        <member name="M:Backend_IPCA_Gym.Controllers.FuncionarioController.EditLotacaoGym(System.Int32,System.Int32)">
            <summary>
            Método http para editar a ocupação de um ginásio
            </summary>
            <param name="targetID">ID do ginásio a alterar a sua ocupação</param>
            <param name="lotacao">Valor da lotação atual do ginásio</param>
            <returns>Resposta do request que contém a sua mensagem e o seu código em formato json</returns>
        </member>
        <member name="M:Backend_IPCA_Gym.Controllers.FuncionarioController.GetAvaliacoesOnGym(System.Int32)">
            <summary>
            Método http para ver as avaliacoes de um ginasio
            </summary>
            <param name="codigofuncionario">Codigo do funcionario que faz o request</param>
            <returns>Resposta do request que contém a sua mensagem, o seu código e a lista de avaliacoes em formato json</returns>
        </member>
        <member name="M:Backend_IPCA_Gym.Controllers.FuncionarioController.DeleteFuncionario(System.Int32)">
            <summary>
            Método http para remover um funcionário com regras
            </summary>
            <param name="targetID">Id do funcionário que faz o request</param>
            <returns>Resposta do request que contém a sua mensagem, o seu código e a lista de avaliacoes em formato json</returns>
        </member>
        <member name="M:Backend_IPCA_Gym.Controllers.FuncionarioController.GetFuncionarioByToken">
            <summary>
            Método http get para retornar um funcionário através da sua token de sessão
            </summary>
            <returns>Resposta do request que contém a sua mensagem, seu código e o funcionario em formato Json</returns>
        </member>
        <member name="M:Backend_IPCA_Gym.Controllers.FuncionarioController.GetAllByGym(System.Int32)">
            <summary>
            Método http get para retornar uma lista de funcionarios pertencentes a um ginasio
            </summary>
            <returns>Resposta do request que contém a sua mensagem, seu código e a lista de funcionarios em formato Json</returns>
        </member>
        <member name="T:Backend_IPCA_Gym.Controllers.GinasioController">
            <summary>
            Controlador da entidade ginásio
            </summary>
        </member>
        <member name="M:Backend_IPCA_Gym.Controllers.GinasioController.#ctor(Microsoft.Extensions.Configuration.IConfiguration)">
            <summary>
            Construtor do controlador ginásio
            </summary>
            <param name="configuration">Dependency Injection</param>
        </member>
        <member name="M:Backend_IPCA_Gym.Controllers.GinasioController.GetAll">
            <summary>
            Método http get para retornar os ginásios da base de dados
            </summary>
            <returns>Resposta do request que contém a sua mensagem, seu código e a lista de ginásios em formato Json</returns>
        </member>
        <member name="M:Backend_IPCA_Gym.Controllers.GinasioController.GetByID(System.Int32)">
            <summary>
            Método http get para retornar um ginásio através do seu id
            </summary>
            <param name="targetID">ID da ginásio que é pretendido ser retornado</param>
            <returns>Resposta do request que contém a sua mensagem, seu código e o ginásio em formato Json</returns>
        </member>
        <member name="M:Backend_IPCA_Gym.Controllers.GinasioController.Post(LayerBOL.Models.Ginasio)">
            <summary>
            Método http post para inserção de um novo ginásio
            </summary>
            <param name="newGinasio">Dados do novo ginásio a ser inserido</param>
            <returns>Resposta do request que contém a sua mensagem e seu código em formato json</returns>
        </member>
        <member name="M:Backend_IPCA_Gym.Controllers.GinasioController.Patch(LayerBOL.Models.Ginasio,System.Int32)">
            <summary>
            Método http patch para alteração dos dados de um ginásio através do id e novos dados
            </summary>
            <param name="ginasio">ginásio com dados alterados</param>
            <param name="targetID">ID do ginásio pretendido para alterar os dados</param>
            <returns>Resposta do request que contém a sua mensagem e seu código em formato json</returns>
        </member>
        <member name="M:Backend_IPCA_Gym.Controllers.GinasioController.Delete(System.Int32)">
            <summary>
            Método http delete para remover um ginásio da base de dados através do seu id
            </summary>
            <param name="targetID">ID do ginásio pretendido para ser removido</param>
            <returns>Resposta do request que contém a sua mensagem e seu código em formato json</returns>
        </member>
        <member name="T:Backend_IPCA_Gym.Controllers.HorarioFuncionarioController">
            <summary>
            Controlador da entidade HorarioFuncionario
            </summary>
        </member>
        <member name="M:Backend_IPCA_Gym.Controllers.HorarioFuncionarioController.#ctor(Microsoft.Extensions.Configuration.IConfiguration)">
            <summary>
            Construtor do controlador HorarioFuncionario
            </summary>
            <param name="configuration">Dependency Injection</param>
        </member>
        <member name="M:Backend_IPCA_Gym.Controllers.HorarioFuncionarioController.GetAll">
            <summary>
            Método http get para retornar os horários (diário) do funcionário da base de dados
            </summary>
            <returns>Resposta do request que contém a sua mensagem, seu código e a lista de horários (diário) do funcionário em formato Json</returns>
        </member>
        <member name="M:Backend_IPCA_Gym.Controllers.HorarioFuncionarioController.GetByID(System.Int32)">
            <summary>
            Método http get para retornar um horário (dia) do funcionário através do seu id
            </summary>
            <param name="targetID">ID do horário (dia) do funcionário que é pretendido ser retornado</param>
            <returns>Resposta do request que contém a sua mensagem, seu código e o horário (dia) do funcionário em formato Json</returns>
        </member>
        <member name="M:Backend_IPCA_Gym.Controllers.HorarioFuncionarioController.Post(LayerBOL.Models.HorarioFuncionario)">
            <summary>
            Método http post para inserção de um novo horário (dia) do funcionário
            </summary>
            <param name="newHorarioFuncionario">Dados do novo horário (dia) do funcionário a ser inserida</param>
            <returns>Resposta do request que contém a sua mensagem e seu código em formato json</returns>
        </member>
        <member name="M:Backend_IPCA_Gym.Controllers.HorarioFuncionarioController.Patch(LayerBOL.Models.HorarioFuncionario,System.Int32)">
            <summary>
            Método http patch para alteração dos dados de um horário (dia) do funcionário através do id e novos dados
            </summary>
            <param name="horarioFuncionario">Horário (dia) do funcionário com dados alterados</param>
            <param name="targetID">ID do Horário (dia) do funcionário pretendido para alterar os dados</param>
            <returns>Resposta do request que contém a sua mensagem e seu código em formato json</returns>
        </member>
        <member name="M:Backend_IPCA_Gym.Controllers.HorarioFuncionarioController.Delete(System.Int32)">
            <summary>
            Método http delete para remover um horário (dia) do funcionário da base de dados através do seu id
            </summary>
            <param name="targetID">ID do horário (dia) do funcionário pretendido para ser removido</param>
            <returns>Resposta do request que contém a sua mensagem e seu código em formato json</returns>
        </member>
        <member name="M:Backend_IPCA_Gym.Controllers.HorarioFuncionarioController.GetAllByFuncionarioID(System.Int32)">
            <summary>
            Método http get para leitura dos dados de todos os horários de um funcionário através do seu id de funcionário na base de dados
            </summary>
            <param name="targetID">ID do funcionário que é pretendido ser retornado os horários</param>
            <returns>Resposta do request que contém a sua mensagem, seu código e os horários (dia) do funcionário em formato Json</returns>
        </member>
        <member name="T:Backend_IPCA_Gym.Controllers.LojaController">
            <summary>
            Controlador da entidade loja
            </summary>
        </member>
        <member name="M:Backend_IPCA_Gym.Controllers.LojaController.#ctor(Microsoft.Extensions.Configuration.IConfiguration)">
            <summary>
            Construtor do controlador loja
            </summary>
            <param name="configuration">Dependency Injection</param>
        </member>
        <member name="M:Backend_IPCA_Gym.Controllers.LojaController.GetAll">
            <summary>
            Método http get para retornar os produtos da base de dados
            </summary>
            <returns>Resposta do request que contém a sua mensagem, seu código e a lista de produtos em formato Json</returns>
        </member>
        <member name="M:Backend_IPCA_Gym.Controllers.LojaController.GetByID(System.Int32)">
            <summary>
            Método http get para retornar um produto através do seu id
            </summary>
            <param name="targetID">ID do produto que é pretendido ser retornado</param>
            <returns>Resposta do request que contém a sua mensagem, seu código e o produto em formato Json</returns>
        </member>
        <member name="M:Backend_IPCA_Gym.Controllers.LojaController.Post(LayerBOL.Models.Loja)">
            <summary>
            Método http post para inserção de um novo produto
            </summary>
            <param name="newLoja">Dados do novo produto a ser inserido</param>
            <returns>Resposta do request que contém a sua mensagem e seu código em formato json</returns>
        </member>
        <member name="M:Backend_IPCA_Gym.Controllers.LojaController.Patch(LayerBOL.Models.Loja,System.Int32)">
            <summary>
            Método http patch para alteração dos dados de um produto através do id e novos dados
            </summary>
            <param name="produto">produto com dados alterados</param>
            <param name="targetID">ID do produto pretendido para alterar os dados</param>
            <returns>Resposta do request que contém a sua mensagem e seu código em formato json</returns>
        </member>
        <member name="M:Backend_IPCA_Gym.Controllers.LojaController.Delete(System.Int32)">
            <summary>
            Método http delete para remover um produto da base de dados através do seu id
            </summary>
            <param name="targetID">ID do produto pretendido para ser removido</param>
            <returns>Resposta do request que contém a sua mensagem e seu código em formato json</returns>
        </member>
        <member name="M:Backend_IPCA_Gym.Controllers.LojaController.GetAllByGinasioID(System.Int32)">
            <summary>
            Método http get para retornar os produtos através do id do ginásio
            </summary>
            <param name="targetID">ID do ginásio que é pretendido que retorne os produtos</param>
            <returns>Resposta do request que contém a sua mensagem, seu código e o produto em formato Json</returns>
        </member>
        <member name="T:Backend_IPCA_Gym.Controllers.MarcacaoController">
            <summary>
            Controlador da entidade marcação
            </summary>
        </member>
        <member name="M:Backend_IPCA_Gym.Controllers.MarcacaoController.#ctor(Microsoft.Extensions.Configuration.IConfiguration)">
            <summary>
            Construtor do controlador marcação
            </summary>
            <param name="configuration">Dependency Injection</param>
        </member>
        <member name="M:Backend_IPCA_Gym.Controllers.MarcacaoController.GetAll">
            <summary>
            Método http get para retornar as marcações da base de dados
            </summary>
            <returns>Resposta do request que contém a sua mensagem, seu código e a lista de marcações em formato Json</returns>
        </member>
        <member name="M:Backend_IPCA_Gym.Controllers.MarcacaoController.GetByID(System.Int32)">
            <summary>
            Método http get para retornar uma marcação através do seu id
            </summary>
            <param name="targetID">ID da marcação que é pretendida ser retornada</param>
            <returns>Resposta do request que contém a sua mensagem, seu código e a marcação em formato Json</returns>
        </member>
        <member name="M:Backend_IPCA_Gym.Controllers.MarcacaoController.Post(LayerBOL.Models.Marcacao)">
            <summary>
            Método http post para inserção de uma nova marcação
            </summary>
            <param name="newMarcacao">Dados da nova marcação a ser inserida</param>
            <returns>Resposta do request que contém a sua mensagem e seu código em formato json</returns>
        </member>
        <member name="M:Backend_IPCA_Gym.Controllers.MarcacaoController.Patch(LayerBOL.Models.Marcacao,System.Int32)">
            <summary>
            Método http patch para alteração dos dados de uma marcação através do id e novos dados
            </summary>
            <param name="marcacao">marcação com dados alterados</param>
            <param name="targetID">ID da marcação pretendida para alterar os dados</param>
            <returns>Resposta do request que contém a sua mensagem e seu código em formato json</returns>
        </member>
        <member name="M:Backend_IPCA_Gym.Controllers.MarcacaoController.Delete(System.Int32)">
            <summary>
            Método http delete para remover uma marcação da base de dados através do seu id
            </summary>
            <param name="targetID">ID da marcação pretendida para ser removida</param>
            <returns>Resposta do request que contém a sua mensagem e seu código em formato json</returns>
        </member>
        <member name="M:Backend_IPCA_Gym.Controllers.MarcacaoController.GetAllByFuncionarioID(System.Int32)">
            <summary>
            Método http get para retornar todos as marcações de um funcionário através do seu id de funcionário na base de dados
            </summary>
            <param name="targetID">ID do funcionário ao qual pertencem as marcações a ser retornado</param>
            <returns>Resposta do request que contém a sua mensagem, seu código e a marcação em formato Json</returns>
        </member>
        <member name="M:Backend_IPCA_Gym.Controllers.MarcacaoController.GetAllByClienteID(System.Int32)">
            <summary>
            Método http get para retornar todos as marcações de um cliente através do seu id de cliente na base de dados
            </summary>
            <param name="targetID">ID do cliente ao qual pertencem as marcações a ser retornado</param>
            <returns>Resposta do request que contém a sua mensagem, seu código e a marcação em formato Json</returns>
        </member>
        <member name="M:Backend_IPCA_Gym.Controllers.MarcacaoController.PostChecked(LayerBOL.Models.Marcacao)">
            <summary>
            Método http post para inserção de uma nova marcação na base de dados com o uso das regras de negócio
            </summary>
            <param name="newMarcacao">Dados da nova marcação a ser inserida</param>
            <returns>Resposta do request que contém a sua mensagem e seu código em formato json</returns>
        </member>
        <member name="M:Backend_IPCA_Gym.Controllers.MarcacaoController.PatchCancelMarcacao(LayerBOL.Models.Marcacao,System.Int32)">
            <summary>
            Método http patch para alteração do estado de uma marcação através do id e novos dados
            </summary>
            <param name="marcacao">marcação com dados alterados</param>
            <param name="targetID">ID da marcação pretendida para alterar os dados</param>
            <returns>Resposta do request que contém a sua mensagem e seu código em formato json</returns>
        </member>
        <member name="M:Backend_IPCA_Gym.Controllers.MarcacaoController.PatchRescheduleMarcacao(LayerBOL.Models.Marcacao,System.Int32)">
            <summary>
            Método http patch para alteração da data de uma marcação através do id e novos dados
            </summary>
            <param name="marcacao">marcação com dados alterados</param>
            <param name="targetID">ID da marcação pretendida para alterar os dados</param>
            <returns>Resposta do request que contém a sua mensagem e seu código em formato json</returns>
        </member>
        <member name="T:Backend_IPCA_Gym.Controllers.PedidoController">
            <summary>
            Controlador da entidade pedido
            </summary>
        </member>
        <member name="M:Backend_IPCA_Gym.Controllers.PedidoController.#ctor(Microsoft.Extensions.Configuration.IConfiguration)">
            <summary>
            Construtor do controlador pedido
            </summary>
            <param name="configuration">Dependency Injection</param>
        </member>
        <member name="M:Backend_IPCA_Gym.Controllers.PedidoController.GetAll">
            <summary>
            Método http get para retornar os pedidos da base de dados
            </summary>
            <returns>Resposta do request que contém a sua mensagem, seu código e a lista de pedidos em formato Json</returns>
        </member>
        <member name="M:Backend_IPCA_Gym.Controllers.PedidoController.GetByID(System.Int32)">
            <summary>
            Método http get para retornar um pedido através do seu id
            </summary>
            <param name="targetID">ID do pedido que é pretendido ser retornado</param>
            <returns>Resposta do request que contém a sua mensagem, seu código e a pedido em formato Json</returns>
        </member>
        <member name="M:Backend_IPCA_Gym.Controllers.PedidoController.Post(LayerBOL.Models.Pedido)">
            <summary>
            Método http post para inserção de um novo pedido
            </summary>
            <param name="newPedido">Dados do novo pedido a ser inserido</param>
            <returns>Resposta do request que contém a sua mensagem e seu código em formato json</returns>
        </member>
        <member name="M:Backend_IPCA_Gym.Controllers.PedidoController.Patch(LayerBOL.Models.Pedido,System.Int32)">
            <summary>
            Método http patch para alteração dos dados de um pedido através do id e novos dados
            </summary>
            <param name="pedido">pedido com dados alterados</param>
            <param name="targetID">ID do pedido pretendido para alterar os dados</param>
            <returns>Resposta do request que contém a sua mensagem e seu código em formato json</returns>
        </member>
        <member name="M:Backend_IPCA_Gym.Controllers.PedidoController.Delete(System.Int32)">
            <summary>
            Método http delete para remover um pedido da base de dados através do seu id
            </summary>
            <param name="targetID">ID do pedido pretendido para ser removido</param>
            <returns>Resposta do request que contém a sua mensagem e seu código em formato json</returns>
        </member>
        <member name="M:Backend_IPCA_Gym.Controllers.PedidoController.GetAllConnectionClient(System.Int32)">
            <summary>
            Método http get para receber os dados do serviço de obter todos os pedidos com seus produtos de um cliente (join)
            </summary>
            <param name="targetID">ID do cliente que é pretendido ser retornado os dados</param>
            <returns>Resposta do request que contém a sua mensagem, seu código e a pedido em formato Json</returns>
        </member>
        <member name="T:Backend_IPCA_Gym.Controllers.PedidoLojaController">
            <summary>
            Controlador da entidade PedidoLoja
            </summary>
        </member>
        <member name="M:Backend_IPCA_Gym.Controllers.PedidoLojaController.#ctor(Microsoft.Extensions.Configuration.IConfiguration)">
            <summary>
            Construtor do controlador PedidoLoja
            </summary>
            <param name="configuration">Dependency Injection</param>
        </member>
        <member name="M:Backend_IPCA_Gym.Controllers.PedidoLojaController.GetAll">
            <summary>
            Método http get para retornar os pedidos de loja da base de dados
            </summary>
            <returns>Resposta do request que contém a sua mensagem, seu código e a lista de pedidos de loja em formato Json</returns>
        </member>
        <member name="M:Backend_IPCA_Gym.Controllers.PedidoLojaController.GetByID(System.Int32,System.Int32)">
            <summary>
            Método http get para retornar um pedido de loja através do seu id
            </summary>
            <param name="targetID1">ID do pedido de loja que é pretendido ser retornado</param>
            <param name="targetID2">ID do produto de loja que é pretendido ser retornado</param>
            <returns>Resposta do request que contém a sua mensagem, seu código e a PedidoLoja em formato Json</returns>
        </member>
        <member name="M:Backend_IPCA_Gym.Controllers.PedidoLojaController.Post(LayerBOL.Models.PedidoLoja)">
            <summary>
            Método http post para inserção de um novo pedido de loja
            </summary>
            <param name="newPedidoLoja">Dados do novo PedidoLoja a ser inserido</param>
            <returns>Resposta do request que contém a sua mensagem e seu código em formato json</returns>
        </member>
        <member name="M:Backend_IPCA_Gym.Controllers.PedidoLojaController.Patch(LayerBOL.Models.PedidoLoja,System.Int32,System.Int32)">
            <summary>
            Método http patch para alteração dos dados de um pedido de loja através do id e novos dados
            </summary>
            <param name="pedidoLoja">PedidoLoja com dados alterados</param>
            <param name="targetID1">ID do pedido de loja que é pretendido ser retornado</param>
            <param name="targetID2">ID do produto de loja que é pretendido ser retornado</param>
            <returns>Resposta do request que contém a sua mensagem e seu código em formato json</returns>
        </member>
        <member name="M:Backend_IPCA_Gym.Controllers.PedidoLojaController.Delete(System.Int32,System.Int32)">
            <summary>
            Método http delete para remover um pedido de loja da base de dados através do seu id
            </summary>
            <param name="targetID1">ID do pedido de loja que é pretendido ser retornado</param>
            <param name="targetID2">ID do produto de loja que é pretendido ser retornado</param>
            <returns>Resposta do request que contém a sua mensagem e seu código em formato json</returns>
        </member>
        <member name="M:Backend_IPCA_Gym.Controllers.PedidoLojaController.GetAllByPedidoIDID(System.Int32)">
            <summary>
            Método http get para retornar os produtos de um pedido da base de dados
            </summary>
            <param name="targetID">ID do pedido que é pretendido ser retornado os produtos</param>
            <returns>Resposta do request que contém a sua mensagem, seu código e a lista de planos de treino em formato Json</returns>
        </member>
        <member name="M:Backend_IPCA_Gym.Controllers.PedidoLojaController.DeletePedidoLoja(System.Int32)">
            <summary>
            Método http delete para remover todos os produtos de um pedido da base de dados através do seu id de pedido
            </summary>
            <param name="targetID">ID do pedido que é pretendido ser remover os produtos</param>
            <returns>Resposta do request que contém a sua mensagem e seu código em formato json</returns>
        </member>
        <member name="M:Backend_IPCA_Gym.Controllers.PedidoLojaController.PostPedidoChecked(LayerBOL.Models.PedidoLoja)">
            <summary>
            Método http post para inserção de um novo pedido de loja com verificação de stock e manipulação dele
            </summary>
            <param name="newPedidoLoja">Dados do novo PedidoLoja a ser inserido</param>
            <returns>Resposta do request que contém a sua mensagem e seu código em formato json</returns>
        </member>
        <member name="T:Backend_IPCA_Gym.Controllers.PlanoNutricionalController">
            <summary>
            Controlador da entidade plano nutricional
            </summary>
        </member>
        <member name="M:Backend_IPCA_Gym.Controllers.PlanoNutricionalController.#ctor(Microsoft.Extensions.Configuration.IConfiguration)">
            <summary>
            Construtor do controlador plano nutricional
            </summary>
            <param name="configuration">Dependency Injection</param>
        </member>
        <member name="M:Backend_IPCA_Gym.Controllers.PlanoNutricionalController.GetAll">
            <summary>
            Método http get para retornar os planos nutricionais da base de dados
            </summary>
            <returns>Resposta do request que contém a sua mensagem, seu código e a lista de planos nutricionais em formato Json</returns>
        </member>
        <member name="M:Backend_IPCA_Gym.Controllers.PlanoNutricionalController.GetByID(System.Int32)">
            <summary>
            Método http get para retornar uma plano nutricional através do seu id
            </summary>
            <param name="targetID">ID do plano nutricional que é pretendido ser retornado</param>
            <returns>Resposta do request que contém a sua mensagem, seu código e o plano nutricional em formato Json</returns>
        </member>
        <member name="M:Backend_IPCA_Gym.Controllers.PlanoNutricionalController.Post(LayerBOL.Models.PlanoNutricional)">
            <summary>
            Método http post para inserção de um novo plano nutricional
            </summary>
            <param name="newPlanoNutricional">Dados do novo plano nutricional a ser inserido</param>
            <returns>Resposta do request que contém a sua mensagem e seu código em formato json</returns>
        </member>
        <member name="M:Backend_IPCA_Gym.Controllers.PlanoNutricionalController.Patch(LayerBOL.Models.PlanoNutricional,System.Int32)">
            <summary>
            Método http patch para alteração dos dados de um plano nutricional através do id e novos dados
            </summary>
            <param name="planoNutricional">plano nutricional com dados alterados</param>
            <param name="targetID">ID da plano nutricional pretendido para alterar os dados</param>
            <returns>Resposta do request que contém a sua mensagem e seu código em formato json</returns>
        </member>
        <member name="M:Backend_IPCA_Gym.Controllers.PlanoNutricionalController.Delete(System.Int32)">
            <summary>
            Método http delete para remover um plano nutricional da base de dados através do seu id
            </summary>
            <param name="targetID">ID da plano nutricional pretendido para ser removido</param>
            <returns>Resposta do request que contém a sua mensagem e seu código em formato json</returns>
        </member>
        <member name="M:Backend_IPCA_Gym.Controllers.PlanoNutricionalController.GetAllByGinasioID(System.Int32)">
            <summary>
            Método http get para retornar os planos de nutrição de um ginásio da base de dados
            </summary>
            <param name="targetID">ID do ginásio que é pretendido ser retornado os planos de nutrição</param>
            <returns>Resposta do request que contém a sua mensagem, seu código e a lista de planos de nutrição em formato Json</returns>
        </member>
        <member name="M:Backend_IPCA_Gym.Controllers.PlanoNutricionalController.DeleteChecked(System.Int32)">
            <summary>
            Método http delete para remover um plano nutricional da base de dados através do seu id e suas dependencias
            </summary>
            <param name="targetID">ID da plano nutricional pretendido para ser removido</param>
            <returns>Resposta do request que contém a sua mensagem e seu código em formato json</returns>
        </member>
        <member name="T:Backend_IPCA_Gym.Controllers.PlanoTreinoController">
            <summary>
            Controlador da entidade PlanoTreino
            </summary>
        </member>
        <member name="M:Backend_IPCA_Gym.Controllers.PlanoTreinoController.#ctor(Microsoft.Extensions.Configuration.IConfiguration)">
            <summary>
            Construtor do controlador Atividade
            </summary>
            <param name="configuration">Dependency Injection</param>
        </member>
        <member name="M:Backend_IPCA_Gym.Controllers.PlanoTreinoController.GetAll">
            <summary>
            Método http get para retornar os planos de treino da base de dados
            </summary>
            <returns>Resposta do request que contém a sua mensagem, seu código e a lista de planos de treino em formato Json</returns>
        </member>
        <member name="M:Backend_IPCA_Gym.Controllers.PlanoTreinoController.GetByID(System.Int32)">
            <summary>
            Método http get para retornar um plano de treino através do seu id
            </summary>
            <param name="targetID">ID do PlanoTreino que é pretendido ser retornado</param>
            <returns>Resposta do request que contém a sua mensagem, seu código e o PlanoTreino em formato Json</returns>
        </member>
        <member name="M:Backend_IPCA_Gym.Controllers.PlanoTreinoController.Post(LayerBOL.Models.PlanoTreino)">
            <summary>
            Método http post para inserção de um novo plano de treino
            </summary>
            <param name="newPlanoTreino">Dados do novo PlanoTreino a ser inserido</param>
            <returns>Resposta do request que contém a sua mensagem e seu código em formato json</returns>
        </member>
        <member name="M:Backend_IPCA_Gym.Controllers.PlanoTreinoController.Patch(LayerBOL.Models.PlanoTreino,System.Int32)">
            <summary>
            Método http patch para alteração dos dados de uma plano de treino através do id e novos dados
            </summary>
            <param name="planoTreino">PlanoTreino com dados alterados</param>
            <param name="targetID">ID do PlanoTreino pretendido para alterar os dados</param>
            <returns>Resposta do request que contém a sua mensagem e seu código em formato json</returns>
        </member>
        <member name="M:Backend_IPCA_Gym.Controllers.PlanoTreinoController.Delete(System.Int32)">
            <summary>
            Método http delete para remover um plano de treino da base de dados através do seu id
            </summary>
            <param name="targetID">ID do PlanoTreino pretendido para ser removido</param>
            <returns>Resposta do request que contém a sua mensagem e seu código em formato json</returns>
        </member>
        <member name="M:Backend_IPCA_Gym.Controllers.PlanoTreinoController.GetAllByGinasioID(System.Int32)">
            <summary>
            Método http get para retornar os planos de treino de um ginásio da base de dados
            </summary>
            <param name="targetID">ID do ginásio que é pretendido ser retornado os planos de treino</param>
            <returns>Resposta do request que contém a sua mensagem, seu código e a lista de planos de treino em formato Json</returns>
        </member>
        <member name="M:Backend_IPCA_Gym.Controllers.PlanoTreinoController.DeleteChecked(System.Int32)">
            <summary>
            Método http delete para remover um plano de treino da base de dados através do seu id e suas dependencias
            </summary>
            <param name="targetID">ID do PlanoTreino pretendido para ser removido</param>
            <returns>Resposta do request que contém a sua mensagem e seu código em formato json</returns>
        </member>
        <member name="T:Backend_IPCA_Gym.Controllers.RefeicaoController">
            <summary>
            Controlador da entidade Refeicao
            </summary>
        </member>
        <member name="M:Backend_IPCA_Gym.Controllers.RefeicaoController.#ctor(Microsoft.Extensions.Configuration.IConfiguration)">
            <summary>
            Construtor do controlador Refeicao
            </summary>
            <param name="configuration">Dependency Injection</param>
        </member>
        <member name="M:Backend_IPCA_Gym.Controllers.RefeicaoController.GetAll">
            <summary>
            Método http get para retornar as refeicoes da base de dados
            </summary>
            <returns>Resposta do request que contém a sua mensagem, seu código e a lista de refeicoes em formato Json</returns>
        </member>
        <member name="M:Backend_IPCA_Gym.Controllers.RefeicaoController.GetByID(System.Int32)">
            <summary>
            Método http get para retornar uma refeicao através do seu id
            </summary>
            <param name="targetID">ID da refeicao que é pretendida ser retornada</param>
            <returns>Resposta do request que contém a sua mensagem, seu código e a refeicao em formato Json</returns>
        </member>
        <member name="M:Backend_IPCA_Gym.Controllers.RefeicaoController.Post(LayerBOL.Models.Refeicao)">
            <summary>
            Método http post para inserção de uma nova refeicao
            </summary>
            <param name="newRefeicao">Dados da nova refeicao a ser inserida</param>
            <returns>Resposta do request que contém a sua mensagem e seu código em formato json</returns>
        </member>
        <member name="M:Backend_IPCA_Gym.Controllers.RefeicaoController.Patch(LayerBOL.Models.Refeicao,System.Int32)">
            <summary>
            Método http patch para alteração dos dados de uma refeicao através do id e novos dados
            </summary>
            <param name="refeicao">Refeicao com dados alterados</param>
            <param name="targetID">ID da Refeicao pretendida para alterar os dados</param>
            <returns>Resposta do request que contém a sua mensagem e seu código em formato json</returns>
        </member>
        <member name="M:Backend_IPCA_Gym.Controllers.RefeicaoController.Delete(System.Int32)">
            <summary>
            Método http delete para remover uma refeicao da base de dados através do seu id
            </summary>
            <param name="targetID">ID da refeicao pretendida para ser removida</param>
            <returns>Resposta do request que contém a sua mensagem e seu código em formato json</returns>
        </member>
        <member name="M:Backend_IPCA_Gym.Controllers.RefeicaoController.GetAllByPlanoID(System.Int32)">
            <summary>
            Método http get para obter as refeicoes de um plano
            </summary>
            <param name="targetID">ID do plano nutricional ao qual pertencem as refeicoes a ser lidas</param>
            <returns>Resposta do request que contém a sua mensagem, seu código e lista de refeicoes de um plano em formato json</returns>
        </member>
    </members>
</doc>
